[{"model": "auth.permission", "pk": 1, "fields": {"name": "Can add permission", "content_type": 1, "codename": "add_permission"}}, {"model": "auth.permission", "pk": 2, "fields": {"name": "Can change permission", "content_type": 1, "codename": "change_permission"}}, {"model": "auth.permission", "pk": 3, "fields": {"name": "Can delete permission", "content_type": 1, "codename": "delete_permission"}}, {"model": "auth.permission", "pk": 4, "fields": {"name": "Can view permission", "content_type": 1, "codename": "view_permission"}}, {"model": "auth.permission", "pk": 5, "fields": {"name": "Can add group", "content_type": 2, "codename": "add_group"}}, {"model": "auth.permission", "pk": 6, "fields": {"name": "Can change group", "content_type": 2, "codename": "change_group"}}, {"model": "auth.permission", "pk": 7, "fields": {"name": "Can delete group", "content_type": 2, "codename": "delete_group"}}, {"model": "auth.permission", "pk": 8, "fields": {"name": "Can view group", "content_type": 2, "codename": "view_group"}}, {"model": "auth.permission", "pk": 9, "fields": {"name": "Can add content type", "content_type": 3, "codename": "add_contenttype"}}, {"model": "auth.permission", "pk": 10, "fields": {"name": "Can change content type", "content_type": 3, "codename": "change_contenttype"}}, {"model": "auth.permission", "pk": 11, "fields": {"name": "Can delete content type", "content_type": 3, "codename": "delete_contenttype"}}, {"model": "auth.permission", "pk": 12, "fields": {"name": "Can view content type", "content_type": 3, "codename": "view_contenttype"}}, {"model": "auth.permission", "pk": 13, "fields": {"name": "Can add attachment", "content_type": 4, "codename": "add_attachment"}}, {"model": "auth.permission", "pk": 14, "fields": {"name": "Can change attachment", "content_type": 4, "codename": "change_attachment"}}, {"model": "auth.permission", "pk": 15, "fields": {"name": "Can delete attachment", "content_type": 4, "codename": "delete_attachment"}}, {"model": "auth.permission", "pk": 16, "fields": {"name": "Can view attachment", "content_type": 4, "codename": "view_attachment"}}, {"model": "auth.permission", "pk": 17, "fields": {"name": "Can add user", "content_type": 5, "codename": "add_user"}}, {"model": "auth.permission", "pk": 18, "fields": {"name": "Can change user", "content_type": 5, "codename": "change_user"}}, {"model": "auth.permission", "pk": 19, "fields": {"name": "Can delete user", "content_type": 5, "codename": "delete_user"}}, {"model": "auth.permission", "pk": 20, "fields": {"name": "Can view user", "content_type": 5, "codename": "view_user"}}, {"model": "auth.permission", "pk": 21, "fields": {"name": "Can add email", "content_type": 6, "codename": "add_email"}}, {"model": "auth.permission", "pk": 22, "fields": {"name": "Can change email", "content_type": 6, "codename": "change_email"}}, {"model": "auth.permission", "pk": 23, "fields": {"name": "Can delete email", "content_type": 6, "codename": "delete_email"}}, {"model": "auth.permission", "pk": 24, "fields": {"name": "Can view email", "content_type": 6, "codename": "view_email"}}, {"model": "auth.permission", "pk": 25, "fields": {"name": "Can add user profile", "content_type": 7, "codename": "add_userprofile"}}, {"model": "auth.permission", "pk": 26, "fields": {"name": "Can change user profile", "content_type": 7, "codename": "change_userprofile"}}, {"model": "auth.permission", "pk": 27, "fields": {"name": "Can delete user profile", "content_type": 7, "codename": "delete_userprofile"}}, {"model": "auth.permission", "pk": 28, "fields": {"name": "Can view user profile", "content_type": 7, "codename": "view_userprofile"}}, {"model": "auth.permission", "pk": 29, "fields": {"name": "Can add label", "content_type": 8, "codename": "add_label"}}, {"model": "auth.permission", "pk": 30, "fields": {"name": "Can change label", "content_type": 8, "codename": "change_label"}}, {"model": "auth.permission", "pk": 31, "fields": {"name": "Can delete label", "content_type": 8, "codename": "delete_label"}}, {"model": "auth.permission", "pk": 32, "fields": {"name": "Can view label", "content_type": 8, "codename": "view_label"}}, {"model": "auth.permission", "pk": 33, "fields": {"name": "Can add user settings", "content_type": 9, "codename": "add_usersettings"}}, {"model": "auth.permission", "pk": 34, "fields": {"name": "Can change user settings", "content_type": 9, "codename": "change_usersettings"}}, {"model": "auth.permission", "pk": 35, "fields": {"name": "Can delete user settings", "content_type": 9, "codename": "delete_usersettings"}}, {"model": "auth.permission", "pk": 36, "fields": {"name": "Can view user settings", "content_type": 9, "codename": "view_usersettings"}}, {"model": "auth.permission", "pk": 37, "fields": {"name": "Can add notification", "content_type": 10, "codename": "add_notification"}}, {"model": "auth.permission", "pk": 38, "fields": {"name": "Can change notification", "content_type": 10, "codename": "change_notification"}}, {"model": "auth.permission", "pk": 39, "fields": {"name": "Can delete notification", "content_type": 10, "codename": "delete_notification"}}, {"model": "auth.permission", "pk": 40, "fields": {"name": "Can view notification", "content_type": 10, "codename": "view_notification"}}, {"model": "auth.permission", "pk": 41, "fields": {"name": "Can add log entry", "content_type": 11, "codename": "add_logentry"}}, {"model": "auth.permission", "pk": 42, "fields": {"name": "Can change log entry", "content_type": 11, "codename": "change_logentry"}}, {"model": "auth.permission", "pk": 43, "fields": {"name": "Can delete log entry", "content_type": 11, "codename": "delete_logentry"}}, {"model": "auth.permission", "pk": 44, "fields": {"name": "Can view log entry", "content_type": 11, "codename": "view_logentry"}}, {"model": "auth.permission", "pk": 45, "fields": {"name": "Can add session", "content_type": 12, "codename": "add_session"}}, {"model": "auth.permission", "pk": 46, "fields": {"name": "Can change session", "content_type": 12, "codename": "change_session"}}, {"model": "auth.permission", "pk": 47, "fields": {"name": "Can delete session", "content_type": 12, "codename": "delete_session"}}, {"model": "auth.permission", "pk": 48, "fields": {"name": "Can view session", "content_type": 12, "codename": "view_session"}}, {"model": "contenttypes.contenttype", "pk": 1, "fields": {"app_label": "auth", "model": "permission"}}, {"model": "contenttypes.contenttype", "pk": 2, "fields": {"app_label": "auth", "model": "group"}}, {"model": "contenttypes.contenttype", "pk": 3, "fields": {"app_label": "contenttypes", "model": "contenttype"}}, {"model": "contenttypes.contenttype", "pk": 4, "fields": {"app_label": "gotmail_service", "model": "attachment"}}, {"model": "contenttypes.contenttype", "pk": 5, "fields": {"app_label": "gotmail_service", "model": "user"}}, {"model": "contenttypes.contenttype", "pk": 6, "fields": {"app_label": "gotmail_service", "model": "email"}}, {"model": "contenttypes.contenttype", "pk": 7, "fields": {"app_label": "gotmail_service", "model": "userprofile"}}, {"model": "contenttypes.contenttype", "pk": 8, "fields": {"app_label": "gotmail_service", "model": "label"}}, {"model": "contenttypes.contenttype", "pk": 9, "fields": {"app_label": "gotmail_service", "model": "usersettings"}}, {"model": "contenttypes.contenttype", "pk": 10, "fields": {"app_label": "gotmail_service", "model": "notification"}}, {"model": "contenttypes.contenttype", "pk": 11, "fields": {"app_label": "admin", "model": "logentry"}}, {"model": "contenttypes.contenttype", "pk": 12, "fields": {"app_label": "sessions", "model": "session"}}, {"model": "sessions.session", "pk": "0hg3owzdtcig7djgmp4uc9gx0sw4qglh", "fields": {"session_data": ".eJxVjLEOwjAMRP8lM4qIHZKWkZ1viOzYkAJKpaadEP9OK3WA4ZZ77-5tEi1zSUvTKQ1izsaZw2_HlJ9aNyAPqvfR5rHO08B2U-xOm72Ooq_L7v4dFGplXVPIDELMnRCcbiqeu9iry-DYr4mE2INGAMHsSQK7QCzhCKjoMZrPFxIEOG8:1tIphz:f2rGEWG7t-JWOeVwPzq6jCX2GdivvN9oCamdyqtza-w", "expire_date": "2024-12-18T13:46:27.060Z"}}, {"model": "sessions.session", "pk": "2167knte0sy5b515bvhqivy4y3y04rta", "fields": {"session_data": ".eJxVjLEOwjAMRP8lM4qIHZKWkZ1viOzYkAJKpaadEP9OK3WA4ZZ77-5tEi1zSUvTKQ1izsaZw2_HlJ9aNyAPqvfR5rHO08B2U-xOm72Ooq_L7v4dFGplXVPIDELMnRCcbiqeu9iry-DYr4mE2INGAMHsSQK7QCzhCKjoMZrPFxIEOG8:1tIpZF:nyjRsAodxV8pJ4YDMBz6e3uWg-W_Ts7d4KUhflnvss0", "expire_date": "2024-12-18T13:37:25.264Z"}}, {"model": "sessions.session", "pk": "3qktyjawo30dovtw6wunqnzuwj0w20l1", "fields": {"session_data": ".eJxVjEEOwiAQRe_C2hBmkAZcuvcMZAYGqRqalHZlvLtt0oVu_3v_vVWkdalx7TLHMauLQnX63ZjSU9oO8oPafdJpass8st4VfdCub1OW1_Vw_wKVet3eIgHZeGQH2QY_SDE20UBohSgX2ErBAxR2xQGiTwZD9uApWOIzOPX5AviXOCA:1tIpm5:QLNPCN37jEpmfzRbDmaxEesf1ykV6dpGM_E74o53kTk", "expire_date": "2024-12-18T13:50:41.847Z"}}, {"model": "sessions.session", "pk": "a4pyfkp4nsvls33ekl0o498v63fgtbpx", "fields": {"session_data": ".eJxVjEEOwiAQRe_C2hBA6IBL9z0DGYZBqoYmpV0Z765NutDtf-_9l4i4rTVunZc4ZXERZ3H63RLSg9sO8h3bbZY0t3WZktwVedAuxznz83q4fwcVe_3WgBS8CYhKW2O9ImIsgREA7KAMKSiZDVitvBsMFZcca6sCgfE-OCveH9ntNx8:1tIpHH:SGwXm7aw12v675OZH6jKUNiTZvSxv4irdDqwoMZ84GU", "expire_date": "2024-12-18T13:18:51.176Z"}}, {"model": "sessions.session", "pk": "b8pbjtw6opr9e9zjk0r613e9wgwo2z88", "fields": {"session_data": ".eJxVjEEOwiAQRe_C2hBmkAZcuvcMZAYGqRqalHZlvLtt0oVu_3v_vVWkdalx7TLHMauLQnX63ZjSU9oO8oPafdJpass8st4VfdCub1OW1_Vw_wKVet3eIgHZeGQH2QY_SDE20UBohSgX2ErBAxR2xQGiTwZD9uApWOIzOPX5AviXOCA:1tIpju:3XjtZNkYa7oM1E9FWmZeUM7d-UlBWcmYfnV4FguV2Rs", "expire_date": "2024-12-18T13:48:26.698Z"}}, {"model": "sessions.session", "pk": "ch5eo4rg91hgzgny2awnbo04pygum91p", "fields": {"session_data": ".eJxVjEEOwiAQRe_C2hBA6IBL9z0DGYZBqoYmpV0Z765NutDtf-_9l4i4rTVunZc4ZXERZ3H63RLSg9sO8h3bbZY0t3WZktwVedAuxznz83q4fwcVe_3WgBS8CYhKW2O9ImIsgREA7KAMKSiZDVitvBsMFZcca6sCgfE-OCveH9ntNx8:1tIpS7:LBj4msvCZhyYxSelLq5jk2qMaqL1wqnocq02nx0lMgU", "expire_date": "2024-12-18T13:30:03.304Z"}}, {"model": "sessions.session", "pk": "d2c12pd2s8mdts236al28wvi6r3yuim2", "fields": {"session_data": ".eJxVjM0OwiAQhN-FsyEWuvx49O4zkGUXpGogKe3J-O62SQ96nPm-mbcIuC4lrD3NYWJxEUacfruI9Ex1B_zAem-SWl3mKcpdkQft8tY4va6H-3dQsJdtbRGtJUwwOj9E8t5rNG4w-Uw566TMli1kFRWAA0IasyJirdh4pwnE5wvvezgf:1tIpI4:e8AMOBVZYzC42DQ8DBmJb2mkAAecYVh1LkKVe4AWNFc", "expire_date": "2024-12-18T13:19:40.770Z"}}, {"model": "sessions.session", "pk": "ejaf73ulxz82h9nfcttlqbzjys4i6jom", "fields": {"session_data": ".eJxVjEEOwiAQRe_C2hBmkAZcuvcMZAYGqRqalHZlvLtt0oVu_3v_vVWkdalx7TLHMauLQnX63ZjSU9oO8oPafdJpass8st4VfdCub1OW1_Vw_wKVet3eIgHZeGQH2QY_SDE20UBohSgX2ErBAxR2xQGiTwZD9uApWOIzOPX5AviXOCA:1tIpGt:2Is2YqysXbYco2cAbk2ObWLpU5TSXfHoPjAYV4Gq4q4", "expire_date": "2024-12-18T13:18:27.792Z"}}, {"model": "sessions.session", "pk": "hre1bx8m6fytclallaosp3t7zv87e6dd", "fields": {"session_data": ".eJxVjEEOwiAQRe_C2hBmkAZcuvcMZAYGqRqalHZlvLtt0oVu_3v_vVWkdalx7TLHMauLQnX63ZjSU9oO8oPafdJpass8st4VfdCub1OW1_Vw_wKVet3eIgHZeGQH2QY_SDE20UBohSgX2ErBAxR2xQGiTwZD9uApWOIzOPX5AviXOCA:1tIpnR:G_nUWf55Y5lvkd8RJQ1UZqFgFbN5Rphq_OqcLplZeJY", "expire_date": "2024-12-18T13:52:05.280Z"}}, {"model": "sessions.session", "pk": "k9l61j8hmna1j0a8p54em62zone0ycfk", "fields": {"session_data": ".eJxVjEEOwiAQRe_C2hBmkAZcuvcMZAYGqRqalHZlvLtt0oVu_3v_vVWkdalx7TLHMauLQnX63ZjSU9oO8oPafdJpass8st4VfdCub1OW1_Vw_wKVet3eIgHZeGQH2QY_SDE20UBohSgX2ErBAxR2xQGiTwZD9uApWOIzOPX5AviXOCA:1tIppv:57MfDE4V-_H17Ih6y8m6Z4BNrV_o6ykZ73fmb0lrzxE", "expire_date": "2024-12-18T13:54:39.820Z"}}, {"model": "sessions.session", "pk": "lkj5bf6gik147dqt5aybptkxuiuzm5rx", "fields": {"session_data": ".eJxVjLEOwjAMRP8lM4qIHZKWkZ1viOzYkAJKpaadEP9OK3WA4ZZ77-5tEi1zSUvTKQ1izsaZw2_HlJ9aNyAPqvfR5rHO08B2U-xOm72Ooq_L7v4dFGplXVPIDELMnRCcbiqeu9iry-DYr4mE2INGAMHsSQK7QCzhCKjoMZrPFxIEOG8:1tIpGV:uZL46Yd0Mhpl0mmI_BAOPZ9VR4yzHXbSVNiIdd2Dfas", "expire_date": "2024-12-18T13:18:03.007Z"}}, {"model": "sessions.session", "pk": "mtjy3yhw1hr9pcc8iqncayayn0qn7qjs", "fields": {"session_data": ".eJxVjDsOwjAQBe_iGlnrb2JKes5geddrHECOFCcV4u4QKQW0b2beS8S0rTVunZc4ZXEWTpx-N0z04LaDfE_tNkua27pMKHdFHrTL65z5eTncv4Oaev3WQDYH9KYYUqC050C6FLAOyLMHzMoyDDoYGoOjgbQxNqEHIgyceRTvD9xBN_k:1tIpHr:R7zPrexos47p97evGHMvBzW64MWKaCLI0Hj7sq1Rj78", "expire_date": "2024-12-18T13:19:27.815Z"}}, {"model": "sessions.session", "pk": "npnffg9rn8lk4uah4igk4r9gsj08bcya", "fields": {"session_data": ".eJxVjDEOwyAQBP9CHSEOg4GU6f0GdMfh4CTCkrGrKH-PLblImi12ZvctIm5riVvLS5xYXEUQl9-OMD1zPQA_sN5nmea6LhPJQ5EnbXKYOb9up_t3ULCVfa1Qk3E9gEHaI9iUXM9aeUDHNikEJDd24I1CJpOt10DK-tFA7oJG8fkCzmQ3Tg:1tIpJl:9AhsPvmcgDEpdry2mIrXMTc0qVEJYHQHUHBBNLIlwU4", "expire_date": "2024-12-18T13:21:25.080Z"}}, {"model": "sessions.session", "pk": "onfpu3u4verwzkpzzvp97ed4hbaaquzg", "fields": {"session_data": ".eJxVjMEOwiAQRP-FsyFIwW49eu83kF12kaqBpLQn47_bJj3oYS7z3sxbBVyXHNYmc5hYXZVTp9-OMD6l7IAfWO5Vx1qWeSK9K_qgTY-V5XU73L-DjC1va7JAvnMGtmD0BkyyA6fIZBFix31yHTuOONgLgpBhMJ4ksZezQG_U5wvsSjiJ:1tIpHd:whOIWJ54TULymxNl7D_HSZaLSt6TKWs-8F0x1MZJwNU", "expire_date": "2024-12-18T13:19:13.946Z"}}, {"model": "sessions.session", "pk": "p7bi246ecrbuky27agergelzevgwzguh", "fields": {"session_data": ".eJxVjMsOwiAUBf-FtSFAsYBL9_0Gch9cqZo2Ke3K-O_apAvdnpk5L5VhW2veWlnyyOqirFGn3xGBHmXaCd9hus2a5mldRtS7og_a9DBzeV4P9--gQqvf2kTDZ5swuJ6oK4CucGQvyNYkccWDRxKU5G0vhNIZ10mQKLseelLvDyoLOVE:1tIpJy:wcHQXpj3JVp9amI_IUBBbNnTnP3AU0TIx_H1s3rnVho", "expire_date": "2024-12-18T13:21:38.426Z"}}, {"model": "sessions.session", "pk": "qkleebll8i11wb64vogx8n0459tl100d", "fields": {"session_data": ".eJxVjEEOwiAQRe_C2hBmkAZcuvcMZAYGqRqalHZlvLtt0oVu_3v_vVWkdalx7TLHMauLQnX63ZjSU9oO8oPafdJpass8st4VfdCub1OW1_Vw_wKVet3eIgHZeGQH2QY_SDE20UBohSgX2ErBAxR2xQGiTwZD9uApWOIzOPX5AviXOCA:1tIpQa:vRAnIlj-uJwn9Bz71kyRqqkkRXI25iFCSN-_XWUYkzg", "expire_date": "2024-12-18T13:28:28.272Z"}}, {"model": "sessions.session", "pk": "s375x7rn7hgw3p8jbnphlpa7o5eybnvg", "fields": {"session_data": ".eJxVjEEOwiAQRe_C2hCmIOO4dO8ZmoEBqRpISrsy3l2bdKHb_977LzXyupRx7WkeJ1FnherwuwWOj1Q3IHeut6Zjq8s8Bb0peqddX5uk52V3_w4K9_KtrY9AkZgch4zZSTYQTRyQTEIWi4EAINPgDSADn_wRrbNsxLucCNX7A-XjN3k:1tIpIK:D6sHGC-3qx0xXjh142Pn9bY6ag-yOM3DNNyt_VYYgjA", "expire_date": "2024-12-18T13:19:56.430Z"}}, {"model": "sessions.session", "pk": "uskqo4f6o3uz9sai5g6waqsarfyzs627", "fields": {"session_data": ".eJxVjDsOwjAQBe_iGllOHP8o6TmDtd714gCypTipEHeHSCmgfTPzXiLCtpa49bzEmcRZeHH63RLgI9cd0B3qrUlsdV3mJHdFHrTLa6P8vBzu30GBXr51AJPZePJq1GwmdgohsUVySrmcRxy8TYEUWtKkJuagMWnrBgA2jlC8P_-qOM0:1tIpIb:BkoaYUGuMeOBollQ5m5aUNuVeHz9kK4YqWxqNc-vaAc", "expire_date": "2024-12-18T13:20:13.078Z"}}, {"model": "sessions.session", "pk": "uxing790ez4o875qo99ib5hq3v52hzbw", "fields": {"session_data": ".eJxVjLEOwjAMRP8lM4qIHZKWkZ1viOzYkAJKpaadEP9OK3WA4ZZ77-5tEi1zSUvTKQ1izsaZw2_HlJ9aNyAPqvfR5rHO08B2U-xOm72Ooq_L7v4dFGplXVPIDELMnRCcbiqeu9iry-DYr4mE2INGAMHsSQK7QCzhCKjoMZrPFxIEOG8:1tIpwJ:x8V_359KZlCqzRkjBPMVGs5k1VNdk_liZYsYG0qnRq0", "expire_date": "2024-12-18T14:01:15.137Z"}}, {"model": "sessions.session", "pk": "xii2uvd5qw6xlrt43z692doruczkl44v", "fields": {"session_data": ".eJxVjLEOwjAMRP8lM4qIHZKWkZ1viOzYkAJKpaadEP9OK3WA4ZZ77-5tEi1zSUvTKQ1izsaZw2_HlJ9aNyAPqvfR5rHO08B2U-xOm72Ooq_L7v4dFGplXVPIDELMnRCcbiqeu9iry-DYr4mE2INGAMHsSQK7QCzhCKjoMZrPFxIEOG8:1tIpPa:ZbmajACGJAiPJOEGBmiUllPGtj7tcM1NKBxZ1xMtfNI", "expire_date": "2024-12-18T13:27:26.494Z"}}, {"model": "gotmail_service.user", "pk": 1, "fields": {"password": "pbkdf2_sha256$870000$8OzJuItprhbPuSOUEIl3Ch$x8CpKxg1v5KHKYZ7h9YObRKPabMu1xdTJnoEgFr+GmM=", "last_login": "2024-12-04T14:01:15.129Z", "is_superuser": false, "first_name": "John", "last_name": "Doe", "email": "john.doe@gotmail.com", "is_staff": false, "is_active": true, "date_joined": "2024-12-04T13:18:02.222Z", "phone_number": "1234567890", "is_phone_verified": false, "session_token": "266cbe1c-b120-4fc9-936d-d1b99425625c", "session_expiry": "2025-01-03T14:01:15.123Z", "username": "1234567890", "password_reset_token": null, "password_reset_expires": null, "verification_code": null, "verification_code_expires": null, "groups": [], "user_permissions": []}}, {"model": "gotmail_service.user", "pk": 2, "fields": {"password": "pbkdf2_sha256$870000$87Mc4zslzoWaDQTXbQNcOS$xTkA0uhTMgfDPB01z+3nXCNllqP5glyQwfuuYXV1e5M=", "last_login": "2024-12-04T13:54:39.813Z", "is_superuser": false, "first_name": "Jane", "last_name": "Smith", "email": "jane.smith@gotmail.com", "is_staff": false, "is_active": true, "date_joined": "2024-12-04T13:18:27.027Z", "phone_number": "2345678901", "is_phone_verified": false, "session_token": null, "session_expiry": null, "username": "2345678901", "password_reset_token": null, "password_reset_expires": null, "verification_code": null, "verification_code_expires": null, "groups": [], "user_permissions": []}}, {"model": "gotmail_service.user", "pk": 3, "fields": {"password": "pbkdf2_sha256$870000$MfC7ANX03Uoqnaq7FjKFB1$525j8dTm3M+k9of0Cs5ZG6Wz+Ehkl3PQnkbLsuYz5Ow=", "last_login": "2024-12-04T13:30:03.296Z", "is_superuser": false, "first_name": "Emily", "last_name": "Johnson", "email": "emily.johnson@gotmail.com", "is_staff": false, "is_active": true, "date_joined": "2024-12-04T13:18:50.365Z", "phone_number": "3456789012", "is_phone_verified": false, "session_token": null, "session_expiry": null, "username": "3456789012", "password_reset_token": null, "password_reset_expires": null, "verification_code": null, "verification_code_expires": null, "groups": [], "user_permissions": []}}, {"model": "gotmail_service.user", "pk": 4, "fields": {"password": "pbkdf2_sha256$870000$OSAR43aQxo6Y202hw2sF2N$u7QJBW1RHxxsE/2JVI8PR+/Mgj1oTDs6ONCHT+Seb4E=", "last_login": "2024-12-04T13:19:13.941Z", "is_superuser": false, "first_name": "Michael", "last_name": "Brown", "email": "michael.brown@gotmail.com", "is_staff": false, "is_active": true, "date_joined": "2024-12-04T13:19:13.161Z", "phone_number": "4567890123", "is_phone_verified": false, "session_token": null, "session_expiry": null, "username": "4567890123", "password_reset_token": null, "password_reset_expires": null, "verification_code": null, "verification_code_expires": null, "groups": [], "user_permissions": []}}, {"model": "gotmail_service.user", "pk": 5, "fields": {"password": "pbkdf2_sha256$870000$IoYzYCconAe0lztZ0P00hy$1/+B/y8ORjIW58W0ryL/1eXbWOA0IPQzhyjzPL6Bpgw=", "last_login": "2024-12-04T13:19:27.810Z", "is_superuser": false, "first_name": "Jessica", "last_name": "Davis", "email": "jessica.davis@gotmail.com", "is_staff": false, "is_active": true, "date_joined": "2024-12-04T13:19:27.019Z", "phone_number": "5678901234", "is_phone_verified": false, "session_token": null, "session_expiry": null, "username": "5678901234", "password_reset_token": null, "password_reset_expires": null, "verification_code": null, "verification_code_expires": null, "groups": [], "user_permissions": []}}, {"model": "gotmail_service.user", "pk": 6, "fields": {"password": "pbkdf2_sha256$870000$ikRiGcYAXJdktIkX6dN8JN$9dcFeI9D0veWdPXHoa8FS1LotUCPENGC5O05v2HGxZs=", "last_login": "2024-12-04T13:19:40.764Z", "is_superuser": false, "first_name": "Robert", "last_name": "Wilson", "email": "robert.wilson@gotmail.com", "is_staff": false, "is_active": true, "date_joined": "2024-12-04T13:19:39.989Z", "phone_number": "6789012345", "is_phone_verified": false, "session_token": null, "session_expiry": null, "username": "6789012345", "password_reset_token": null, "password_reset_expires": null, "verification_code": null, "verification_code_expires": null, "groups": [], "user_permissions": []}}, {"model": "gotmail_service.user", "pk": 7, "fields": {"password": "pbkdf2_sha256$870000$hX98kux7bNcH2ko9hsNiCh$N5FmhzcVFgIRy4+7kL4ON+G+uAjQcmOp3lSRsWYJPzI=", "last_login": "2024-12-04T13:19:56.424Z", "is_superuser": false, "first_name": "Jennifer", "last_name": "Martinez", "email": "jennifer.martinez@gotmail.com", "is_staff": false, "is_active": true, "date_joined": "2024-12-04T13:19:55.590Z", "phone_number": "7890123456", "is_phone_verified": false, "session_token": null, "session_expiry": null, "username": "7890123456", "password_reset_token": null, "password_reset_expires": null, "verification_code": null, "verification_code_expires": null, "groups": [], "user_permissions": []}}, {"model": "gotmail_service.user", "pk": 8, "fields": {"password": "pbkdf2_sha256$870000$EtOSr7DsRzyErxlqWolsKx$5tOpXOQkjs+JUH9eSTg5AjSMa/jY2BCG1eVxVPiH9WU=", "last_login": "2024-12-04T13:20:13.073Z", "is_superuser": false, "first_name": "James", "last_name": "Anderson", "email": "james.anderson@gotmail.com", "is_staff": false, "is_active": true, "date_joined": "2024-12-04T13:20:12.288Z", "phone_number": "8901234567", "is_phone_verified": false, "session_token": null, "session_expiry": null, "username": "8901234567", "password_reset_token": null, "password_reset_expires": null, "verification_code": null, "verification_code_expires": null, "groups": [], "user_permissions": []}}, {"model": "gotmail_service.user", "pk": 9, "fields": {"password": "pbkdf2_sha256$870000$aYfUReZQZLXkT7DsxyMiFa$g1r1Q65WQPDy85lfZNXZ2VV8pUNQFbixAl/uZdp7caA=", "last_login": "2024-12-04T13:21:25.076Z", "is_superuser": false, "first_name": "Linda", "last_name": "Thomas", "email": "linda.thomas@gotmail.com", "is_staff": false, "is_active": true, "date_joined": "2024-12-04T13:21:24.289Z", "phone_number": "9012345678", "is_phone_verified": false, "session_token": null, "session_expiry": null, "username": "9012345678", "password_reset_token": null, "password_reset_expires": null, "verification_code": null, "verification_code_expires": null, "groups": [], "user_permissions": []}}, {"model": "gotmail_service.user", "pk": 10, "fields": {"password": "pbkdf2_sha256$870000$1YXJTmt8LKguilFO0QomHz$/9gpy4DPeU6prZJ+RFwStjUnZ83FL3FwXTVgsWoOf1I=", "last_login": "2024-12-04T13:21:38.421Z", "is_superuser": false, "first_name": "William", "last_name": "Taylor", "email": "william.taylor@gotmail.com", "is_staff": false, "is_active": true, "date_joined": "2024-12-04T13:21:37.632Z", "phone_number": "0123456789", "is_phone_verified": false, "session_token": null, "session_expiry": null, "username": "0123456789", "password_reset_token": null, "password_reset_expires": null, "verification_code": null, "verification_code_expires": null, "groups": [], "user_permissions": []}}, {"model": "gotmail_service.user", "pk": 11, "fields": {"password": "pbkdf2_sha256$870000$zTW5y8LBczkZqk713SLlZk$DnFffHICaosUQasXXy5+BACLTJN80scd/U5Gc2UUP0w=", "last_login": null, "is_superuser": true, "first_name": "john", "last_name": "superuser", "email": "", "is_staff": true, "is_active": true, "date_joined": "2024-12-04T14:28:37.873Z", "phone_number": "+123456789", "is_phone_verified": false, "session_token": null, "session_expiry": null, "username": null, "password_reset_token": null, "password_reset_expires": null, "verification_code": null, "verification_code_expires": null, "groups": [], "user_permissions": []}}, {"model": "gotmail_service.userprofile", "pk": 1, "fields": {"user": 1, "profile_picture": "", "bio": "John Doe is a seasoned software engineer with over a decade of experience in the tech industry. He graduated from MIT with a degree in Computer Science and has since worked for several top-tier companies, including Google and Microsoft. John is known for his expertise in machine learning and artificial intelligence, and he has contributed to numerous open-source projects. In his free time, John enjoys hiking, reading, and volunteering at local coding bootcamps.", "birthdate": "2024-10-07", "two_factor_enabled": false}}, {"model": "gotmail_service.userprofile", "pk": 2, "fields": {"user": 2, "profile_picture": "", "bio": "Jane Smith is a renowned author and journalist with a passion for storytelling. She holds a Master's degree in Journalism from Columbia University and has written for prestigious publications such as The New York Times and The Washington Post. Jane's debut novel, \"Whispers of the Past,\" became a bestseller and won several literary awards. She is also an advocate for women's rights and frequently speaks at conferences and events on gender equality.", "birthdate": "2024-09-17", "two_factor_enabled": false}}, {"model": "gotmail_service.userprofile", "pk": 3, "fields": {"user": 3, "profile_picture": "", "bio": "Emily Johnson is a talented graphic designer with a knack for creating visually stunning designs. She earned her Bachelor's degree in Graphic Design from the Rhode Island School of Design and has since worked with various design agencies and freelance clients. Emily's work has been featured in numerous design magazines, and she has won several awards for her innovative designs. In her spare time, Emily enjoys painting, traveling, and exploring new design trends.", "birthdate": null, "two_factor_enabled": false}}, {"model": "gotmail_service.userprofile", "pk": 4, "fields": {"user": 4, "profile_picture": "", "bio": "", "birthdate": null, "two_factor_enabled": false}}, {"model": "gotmail_service.userprofile", "pk": 5, "fields": {"user": 5, "profile_picture": "", "bio": "", "birthdate": null, "two_factor_enabled": false}}, {"model": "gotmail_service.userprofile", "pk": 6, "fields": {"user": 6, "profile_picture": "", "bio": "", "birthdate": null, "two_factor_enabled": false}}, {"model": "gotmail_service.userprofile", "pk": 7, "fields": {"user": 7, "profile_picture": "", "bio": "", "birthdate": null, "two_factor_enabled": false}}, {"model": "gotmail_service.userprofile", "pk": 8, "fields": {"user": 8, "profile_picture": "", "bio": "", "birthdate": null, "two_factor_enabled": false}}, {"model": "gotmail_service.userprofile", "pk": 9, "fields": {"user": 9, "profile_picture": "", "bio": "", "birthdate": null, "two_factor_enabled": false}}, {"model": "gotmail_service.userprofile", "pk": 10, "fields": {"user": 10, "profile_picture": "", "bio": "", "birthdate": null, "two_factor_enabled": false}}, {"model": "gotmail_service.email", "pk": 1, "fields": {"message_id": "3b7c59d1-5995-44af-9dc6-bb355fec9969", "sender": 3, "subject": "I found a cool person", "body": "[{\"insert\":\"Michael Brown\"},{\"insert\":\"\\n\",\"attributes\":{\"header\":2}},{\"insert\":\"\\n\"},{\"insert\":\"M\",\"attributes\":{\"font\":\"pacifico\"}},{\"insert\":\"ichael Brown is a dedic\",\"attributes\":{\"font\":\"pacifico\",\"background\":\"#FF0288D1\"}},{\"insert\":\"ated educato\",\"attributes\":{\"font\":\"pacifico\",\"background\":\"#FF0288D1\",\"color\":\"#FFF44336\"}},{\"insert\":\"r with a pa\",\"attributes\":{\"font\":\"pacifico\",\"background\":\"#FF0288D1\"}},{\"insert\":\"ssion for teaching mathematics.\",\"attributes\":{\"font\":\"pacifico\"}},{\"insert\":\" \"},{\"insert\":\"He holds a Ph.D. in Mathematics from Stanford University and has taught at several universities and high schools.\",\"attributes\":{\"font\":\"roboto-mono\"}},{\"insert\":\" \"},{\"insert\":\"Michael is known for his engaging teaching style and his ability to make complex mathematical concepts accessible to students.\",\"attributes\":{\"bold\":true,\"italic\":true,\"underline\":true,\"strike\":true}},{\"insert\":\" \\n\\nHe has also authored several textbooks on mathematics and is a frequent speaker at educational conferences.\"},{\"insert\":\"\\n\",\"attributes\":{\"blockquote\":true,\"align\":\"center\"}}]", "sent_at": "2024-12-04T13:32:23.165Z", "is_read": true, "is_starred": false, "is_draft": false, "is_trashed": false, "is_auto_replied": false, "reply_to": null, "headers": null, "recipients": [2], "cc": [1], "bcc": [], "attachments": []}}, {"model": "gotmail_service.email", "pk": 2, "fields": {"message_id": "cd85cbfa-a911-4f7e-9142-1ae9516b3157", "sender": 2, "subject": "Re: I found a cool person", "body": "[{\"insert\": \"This is an auto reply\\n\"}]", "sent_at": "2024-12-04T13:32:23.234Z", "is_read": true, "is_starred": true, "is_draft": false, "is_trashed": false, "is_auto_replied": true, "reply_to": 1, "headers": null, "recipients": [3], "cc": [], "bcc": [], "attachments": []}}, {"model": "gotmail_service.email", "pk": 3, "fields": {"message_id": "54445af0-84d4-4768-a061-98c569635e22", "sender": 3, "subject": "A test email", "body": "[{\"insert\":\"just a test\\n\"}]", "sent_at": "2024-12-04T13:33:49.673Z", "is_read": false, "is_starred": true, "is_draft": false, "is_trashed": false, "is_auto_replied": false, "reply_to": null, "headers": null, "recipients": [1], "cc": [], "bcc": [], "attachments": []}}, {"model": "gotmail_service.email", "pk": 4, "fields": {"message_id": "ddd2c748-404f-4cf0-9838-baf93b66b2a0", "sender": 3, "subject": "haha see this", "body": "[{\"insert\":\"bump\\n\"}]", "sent_at": "2024-12-04T13:38:12.623Z", "is_read": false, "is_starred": false, "is_draft": false, "is_trashed": false, "is_auto_replied": false, "reply_to": null, "headers": null, "recipients": [1], "cc": [], "bcc": [], "attachments": []}}, {"model": "gotmail_service.email", "pk": 5, "fields": {"message_id": "d207ab25-8a94-4eff-91d4-30318759bf88", "sender": 3, "subject": "again", "body": "[{\"insert\":\"its cool bro\\n\"}]", "sent_at": "2024-12-04T13:40:13.848Z", "is_read": false, "is_starred": true, "is_draft": false, "is_trashed": true, "is_auto_replied": false, "reply_to": null, "headers": null, "recipients": [1], "cc": [], "bcc": [], "attachments": []}}, {"model": "gotmail_service.email", "pk": 6, "fields": {"message_id": "3886ec68-1c67-496c-97f0-7fea2034c640", "sender": 2, "subject": "1", "body": "[{\"insert\":\"1\\n\"}]", "sent_at": "2024-12-04T14:00:20.186Z", "is_read": false, "is_starred": false, "is_draft": false, "is_trashed": false, "is_auto_replied": false, "reply_to": null, "headers": null, "recipients": [1], "cc": [], "bcc": [], "attachments": []}}, {"model": "gotmail_service.email", "pk": 7, "fields": {"message_id": "fe15e895-b050-4bac-84b6-06904fbb424e", "sender": 2, "subject": "2", "body": "[{\"insert\":\"2\\n\"}]", "sent_at": "2024-12-04T14:00:26.171Z", "is_read": false, "is_starred": false, "is_draft": false, "is_trashed": true, "is_auto_replied": false, "reply_to": null, "headers": null, "recipients": [1], "cc": [], "bcc": [], "attachments": []}}, {"model": "gotmail_service.email", "pk": 8, "fields": {"message_id": "76905667-4fa9-46c8-a484-18a1ea1b24d8", "sender": 2, "subject": "3", "body": "[{\"insert\":\"3\\n\"}]", "sent_at": "2024-12-04T14:00:30.996Z", "is_read": false, "is_starred": false, "is_draft": false, "is_trashed": false, "is_auto_replied": false, "reply_to": null, "headers": null, "recipients": [1], "cc": [], "bcc": [], "attachments": []}}, {"model": "gotmail_service.email", "pk": 9, "fields": {"message_id": "cfc3f4da-dde7-40f6-bf6c-8ec71247cf1b", "sender": 2, "subject": "4", "body": "[{\"insert\":\"4\\n\"}]", "sent_at": "2024-12-04T14:00:36.265Z", "is_read": false, "is_starred": false, "is_draft": false, "is_trashed": false, "is_auto_replied": false, "reply_to": null, "headers": null, "recipients": [1], "cc": [], "bcc": [], "attachments": []}}, {"model": "gotmail_service.email", "pk": 10, "fields": {"message_id": "876c24ae-c085-4f88-a137-de8dfe793721", "sender": 2, "subject": "5", "body": "[{\"insert\":\"5\\n\"}]", "sent_at": "2024-12-04T14:00:42.230Z", "is_read": false, "is_starred": false, "is_draft": false, "is_trashed": true, "is_auto_replied": false, "reply_to": null, "headers": null, "recipients": [1], "cc": [], "bcc": [], "attachments": []}}, {"model": "gotmail_service.label", "pk": 1, "fields": {"user": 1, "name": "Important", "color": "#FF0000", "emails": []}}, {"model": "gotmail_service.label", "pk": 2, "fields": {"user": 1, "name": "Personal", "color": "#00FF00", "emails": []}}, {"model": "gotmail_service.label", "pk": 3, "fields": {"user": 1, "name": "Work", "color": "#0000FF", "emails": []}}, {"model": "gotmail_service.label", "pk": 4, "fields": {"user": 2, "name": "Important", "color": "#FF0000", "emails": []}}, {"model": "gotmail_service.label", "pk": 5, "fields": {"user": 2, "name": "Personal", "color": "#00FF00", "emails": []}}, {"model": "gotmail_service.label", "pk": 6, "fields": {"user": 2, "name": "Work", "color": "#0000FF", "emails": []}}, {"model": "gotmail_service.label", "pk": 7, "fields": {"user": 3, "name": "Important", "color": "#FF0000", "emails": [2]}}, {"model": "gotmail_service.label", "pk": 8, "fields": {"user": 3, "name": "Personal", "color": "#00FF00", "emails": [2]}}, {"model": "gotmail_service.label", "pk": 9, "fields": {"user": 3, "name": "Work", "color": "#0000FF", "emails": [3]}}, {"model": "gotmail_service.label", "pk": 10, "fields": {"user": 4, "name": "Important", "color": "#FF0000", "emails": []}}, {"model": "gotmail_service.label", "pk": 11, "fields": {"user": 4, "name": "Personal", "color": "#00FF00", "emails": []}}, {"model": "gotmail_service.label", "pk": 12, "fields": {"user": 4, "name": "Work", "color": "#0000FF", "emails": []}}, {"model": "gotmail_service.label", "pk": 13, "fields": {"user": 5, "name": "Important", "color": "#FF0000", "emails": []}}, {"model": "gotmail_service.label", "pk": 14, "fields": {"user": 5, "name": "Personal", "color": "#00FF00", "emails": []}}, {"model": "gotmail_service.label", "pk": 15, "fields": {"user": 5, "name": "Work", "color": "#0000FF", "emails": []}}, {"model": "gotmail_service.label", "pk": 16, "fields": {"user": 6, "name": "Important", "color": "#FF0000", "emails": []}}, {"model": "gotmail_service.label", "pk": 17, "fields": {"user": 6, "name": "Personal", "color": "#00FF00", "emails": []}}, {"model": "gotmail_service.label", "pk": 18, "fields": {"user": 6, "name": "Work", "color": "#0000FF", "emails": []}}, {"model": "gotmail_service.label", "pk": 19, "fields": {"user": 7, "name": "Important", "color": "#FF0000", "emails": []}}, {"model": "gotmail_service.label", "pk": 20, "fields": {"user": 7, "name": "Personal", "color": "#00FF00", "emails": []}}, {"model": "gotmail_service.label", "pk": 21, "fields": {"user": 7, "name": "Work", "color": "#0000FF", "emails": []}}, {"model": "gotmail_service.label", "pk": 22, "fields": {"user": 8, "name": "Important", "color": "#FF0000", "emails": []}}, {"model": "gotmail_service.label", "pk": 23, "fields": {"user": 8, "name": "Personal", "color": "#00FF00", "emails": []}}, {"model": "gotmail_service.label", "pk": 24, "fields": {"user": 8, "name": "Work", "color": "#0000FF", "emails": []}}, {"model": "gotmail_service.label", "pk": 25, "fields": {"user": 9, "name": "Important", "color": "#FF0000", "emails": []}}, {"model": "gotmail_service.label", "pk": 26, "fields": {"user": 9, "name": "Personal", "color": "#00FF00", "emails": []}}, {"model": "gotmail_service.label", "pk": 27, "fields": {"user": 9, "name": "Work", "color": "#0000FF", "emails": []}}, {"model": "gotmail_service.label", "pk": 28, "fields": {"user": 10, "name": "Important", "color": "#FF0000", "emails": []}}, {"model": "gotmail_service.label", "pk": 29, "fields": {"user": 10, "name": "Personal", "color": "#00FF00", "emails": []}}, {"model": "gotmail_service.label", "pk": 30, "fields": {"user": 10, "name": "Work", "color": "#0000FF", "emails": []}}, {"model": "gotmail_service.label", "pk": 31, "fields": {"user": 2, "name": "Custom 1", "color": "#21f332", "emails": []}}, {"model": "gotmail_service.label", "pk": 32, "fields": {"user": 2, "name": "Custom 2", "color": "#6921f3", "emails": []}}, {"model": "gotmail_service.label", "pk": 33, "fields": {"user": 2, "name": "Custom 3", "color": "#2196f3", "emails": []}}, {"model": "gotmail_service.usersettings", "pk": 1, "fields": {"user": 1, "notifications_enabled": true, "font_size": 14, "font_family": "sans-serif", "dark_mode": false, "auto_reply_enabled": false, "auto_reply_message": null, "auto_reply_start_date": null, "auto_reply_end_date": null}}, {"model": "gotmail_service.usersettings", "pk": 2, "fields": {"user": 2, "notifications_enabled": true, "font_size": 16, "font_family": "serif", "dark_mode": true, "auto_reply_enabled": true, "auto_reply_message": "This is an auto reply", "auto_reply_start_date": "2024-12-04T00:00:00Z", "auto_reply_end_date": "2025-02-25T00:00:00Z"}}, {"model": "gotmail_service.usersettings", "pk": 3, "fields": {"user": 3, "notifications_enabled": true, "font_size": 14, "font_family": "sans-serif", "dark_mode": false, "auto_reply_enabled": false, "auto_reply_message": null, "auto_reply_start_date": null, "auto_reply_end_date": null}}, {"model": "gotmail_service.usersettings", "pk": 4, "fields": {"user": 4, "notifications_enabled": true, "font_size": 14, "font_family": "sans-serif", "dark_mode": false, "auto_reply_enabled": false, "auto_reply_message": null, "auto_reply_start_date": null, "auto_reply_end_date": null}}, {"model": "gotmail_service.usersettings", "pk": 5, "fields": {"user": 5, "notifications_enabled": true, "font_size": 14, "font_family": "sans-serif", "dark_mode": false, "auto_reply_enabled": false, "auto_reply_message": null, "auto_reply_start_date": null, "auto_reply_end_date": null}}, {"model": "gotmail_service.usersettings", "pk": 6, "fields": {"user": 6, "notifications_enabled": true, "font_size": 14, "font_family": "sans-serif", "dark_mode": false, "auto_reply_enabled": false, "auto_reply_message": null, "auto_reply_start_date": null, "auto_reply_end_date": null}}, {"model": "gotmail_service.usersettings", "pk": 7, "fields": {"user": 7, "notifications_enabled": true, "font_size": 14, "font_family": "sans-serif", "dark_mode": false, "auto_reply_enabled": false, "auto_reply_message": null, "auto_reply_start_date": null, "auto_reply_end_date": null}}, {"model": "gotmail_service.usersettings", "pk": 8, "fields": {"user": 8, "notifications_enabled": true, "font_size": 14, "font_family": "sans-serif", "dark_mode": false, "auto_reply_enabled": false, "auto_reply_message": null, "auto_reply_start_date": null, "auto_reply_end_date": null}}, {"model": "gotmail_service.usersettings", "pk": 9, "fields": {"user": 9, "notifications_enabled": true, "font_size": 14, "font_family": "sans-serif", "dark_mode": false, "auto_reply_enabled": false, "auto_reply_message": null, "auto_reply_start_date": null, "auto_reply_end_date": null}}, {"model": "gotmail_service.usersettings", "pk": 10, "fields": {"user": 10, "notifications_enabled": true, "font_size": 14, "font_family": "sans-serif", "dark_mode": false, "auto_reply_enabled": false, "auto_reply_message": null, "auto_reply_start_date": null, "auto_reply_end_date": null}}, {"model": "gotmail_service.notification", "pk": 1, "fields": {"user": 1, "message": "You have a new email from Emily Johnson!", "is_read": false, "created_at": "2024-12-04T13:32:23.212Z", "notification_type": "email", "related_email": 1}}, {"model": "gotmail_service.notification", "pk": 2, "fields": {"user": 2, "message": "You have a new email from Emily Johnson!", "is_read": true, "created_at": "2024-12-04T13:32:23.229Z", "notification_type": "email", "related_email": 1}}, {"model": "gotmail_service.notification", "pk": 3, "fields": {"user": 3, "message": "You have received an auto-reply from Jane Smith.", "is_read": true, "created_at": "2024-12-04T13:32:23.253Z", "notification_type": "email", "related_email": 2}}, {"model": "gotmail_service.notification", "pk": 4, "fields": {"user": 1, "message": "You have a new email from Emily Johnson!", "is_read": false, "created_at": "2024-12-04T13:33:49.712Z", "notification_type": "email", "related_email": 3}}, {"model": "gotmail_service.notification", "pk": 5, "fields": {"user": 1, "message": "You have a new email from Emily Johnson!", "is_read": false, "created_at": "2024-12-04T13:38:12.667Z", "notification_type": "email", "related_email": 4}}, {"model": "gotmail_service.notification", "pk": 6, "fields": {"user": 1, "message": "You have a new email from Emily Johnson!", "is_read": false, "created_at": "2024-12-04T13:40:13.888Z", "notification_type": "email", "related_email": 5}}, {"model": "gotmail_service.notification", "pk": 7, "fields": {"user": 1, "message": "You have a new email from Jane Smith!", "is_read": false, "created_at": "2024-12-04T14:00:20.230Z", "notification_type": "email", "related_email": 6}}, {"model": "gotmail_service.notification", "pk": 8, "fields": {"user": 1, "message": "You have a new email from Jane Smith!", "is_read": false, "created_at": "2024-12-04T14:00:26.216Z", "notification_type": "email", "related_email": 7}}, {"model": "gotmail_service.notification", "pk": 9, "fields": {"user": 1, "message": "You have a new email from Jane Smith!", "is_read": false, "created_at": "2024-12-04T14:00:31.038Z", "notification_type": "email", "related_email": 8}}, {"model": "gotmail_service.notification", "pk": 10, "fields": {"user": 1, "message": "You have a new email from Jane Smith!", "is_read": false, "created_at": "2024-12-04T14:00:36.306Z", "notification_type": "email", "related_email": 9}}, {"model": "gotmail_service.notification", "pk": 11, "fields": {"user": 1, "message": "You have a new email from Jane Smith!", "is_read": false, "created_at": "2024-12-04T14:00:42.270Z", "notification_type": "email", "related_email": 10}}]